first,second,appearance
wei-nemo/mtm-148_deliberate_smile_1.gif,wei-nemo/wei-148_deliberate_smile_1.gif,wei-nemo/148_deliberate_smile_1.png
wei-nemo/mtm-450_spontaneous_smile_1.gif,wei-nemo/wei-450_spontaneous_smile_1.gif,wei-nemo/450_spontaneous_smile_1.png
wei-nemo/mtm-105_deliberate_smile_1.gif,wei-nemo/wei-105_deliberate_smile_1.gif,wei-nemo/105_deliberate_smile_1.png
wei-nemo/mtm-205_deliberate_smile_2.gif,wei-nemo/wei-205_deliberate_smile_2.gif,wei-nemo/205_deliberate_smile_2.png
wei-nemo/mtm-141_deliberate_smile_2.gif,wei-nemo/wei-141_deliberate_smile_2.gif,wei-nemo/141_deliberate_smile_2.png
wei-nemo/wei-004_deliberate_smile_1.gif,wei-nemo/mtm-004_deliberate_smile_1.gif,wei-nemo/004_deliberate_smile_1.png
wei-nemo/wei-213_spontaneous_smile_3.gif,wei-nemo/mtm-213_spontaneous_smile_3.gif,wei-nemo/213_spontaneous_smile_3.png
wei-nemo/mtm-215_deliberate_smile_1.gif,wei-nemo/wei-215_deliberate_smile_1.gif,wei-nemo/215_deliberate_smile_1.png
wei-nemo/wei-162_spontaneous_smile_1.gif,wei-nemo/mtm-162_spontaneous_smile_1.gif,wei-nemo/162_spontaneous_smile_1.png
wei-nemo/mtm-336_spontaneous_smile_4.gif,wei-nemo/wei-336_spontaneous_smile_4.gif,wei-nemo/336_spontaneous_smile_4.png
wei-nemo/wei-414_spontaneous_smile_4.gif,wei-nemo/mtm-414_spontaneous_smile_4.gif,wei-nemo/414_spontaneous_smile_4.png
wei-nemo/wei-155_spontaneous_smile_4.gif,wei-nemo/mtm-155_spontaneous_smile_4.gif,wei-nemo/155_spontaneous_smile_4.png
wei-nemo/mtm-483_spontaneous_smile_2.gif,wei-nemo/wei-483_spontaneous_smile_2.gif,wei-nemo/483_spontaneous_smile_2.png
wei-nemo/wei-502_deliberate_smile_1.gif,wei-nemo/mtm-502_deliberate_smile_1.gif,wei-nemo/502_deliberate_smile_1.png
wei-nemo/mtm-304_spontaneous_smile_2.gif,wei-nemo/wei-304_spontaneous_smile_2.gif,wei-nemo/304_spontaneous_smile_2.png
wei-nemo/wei-536_spontaneous_smile_7.gif,wei-nemo/mtm-536_spontaneous_smile_7.gif,wei-nemo/536_spontaneous_smile_7.png
wei-nemo/mtm-492_deliberate_smile_1.gif,wei-nemo/wei-492_deliberate_smile_1.gif,wei-nemo/492_deliberate_smile_1.png
wei-nemo/mtm-174_spontaneous_smile_2.gif,wei-nemo/wei-174_spontaneous_smile_2.gif,wei-nemo/174_spontaneous_smile_2.png
wei-nemo/wei-176_spontaneous_smile_2.gif,wei-nemo/mtm-176_spontaneous_smile_2.gif,wei-nemo/176_spontaneous_smile_2.png
wei-nemo/mtm-400_spontaneous_smile_1.gif,wei-nemo/wei-400_spontaneous_smile_1.gif,wei-nemo/400_spontaneous_smile_1.png
wei-nemo/wei-336_deliberate_smile_2.gif,wei-nemo/mtm-336_deliberate_smile_2.gif,wei-nemo/336_deliberate_smile_2.png
wei-nemo/mtm-213_deliberate_smile_2.gif,wei-nemo/wei-213_deliberate_smile_2.gif,wei-nemo/213_deliberate_smile_2.png
wei-nemo/wei-162_spontaneous_smile_5.gif,wei-nemo/mtm-162_spontaneous_smile_5.gif,wei-nemo/162_spontaneous_smile_5.png
wei-nemo/mtm-133_deliberate_smile_2.gif,wei-nemo/wei-133_deliberate_smile_2.gif,wei-nemo/133_deliberate_smile_2.png
wei-nemo/wei-004_spontaneous_smile_1.gif,wei-nemo/mtm-004_spontaneous_smile_1.gif,wei-nemo/004_spontaneous_smile_1.png
wei-nemo/wei-263_spontaneous_smile_2.gif,wei-nemo/mtm-263_spontaneous_smile_2.gif,wei-nemo/263_spontaneous_smile_2.png
wei-nemo/mtm-215_spontaneous_smile_1.gif,wei-nemo/wei-215_spontaneous_smile_1.gif,wei-nemo/215_spontaneous_smile_1.png
wei-nemo/wei-172_spontaneous_smile_3.gif,wei-nemo/mtm-172_spontaneous_smile_3.gif,wei-nemo/172_spontaneous_smile_3.png
wei-nemo/wei-205_spontaneous_smile_2.gif,wei-nemo/mtm-205_spontaneous_smile_2.gif,wei-nemo/205_spontaneous_smile_2.png
wei-nemo/wei-215_spontaneous_smile_3.gif,wei-nemo/mtm-215_spontaneous_smile_3.gif,wei-nemo/215_spontaneous_smile_3.png
wei-nemo/mtm-304_deliberate_smile_1.gif,wei-nemo/wei-304_deliberate_smile_1.gif,wei-nemo/304_deliberate_smile_1.png
wei-nemo/wei-105_spontaneous_smile_1.gif,wei-nemo/mtm-105_spontaneous_smile_1.gif,wei-nemo/105_spontaneous_smile_1.png
wei-nemo/mtm-483_spontaneous_smile_3.gif,wei-nemo/wei-483_spontaneous_smile_3.gif,wei-nemo/483_spontaneous_smile_3.png
wei-nemo/wei-447_spontaneous_smile_1.gif,wei-nemo/mtm-447_spontaneous_smile_1.gif,wei-nemo/447_spontaneous_smile_1.png
wei-nemo/wei-505_deliberate_smile_1.gif,wei-nemo/mtm-505_deliberate_smile_1.gif,wei-nemo/505_deliberate_smile_1.png
wei-nemo/mtm-071_spontaneous_smile_1.gif,wei-nemo/wei-071_spontaneous_smile_1.gif,wei-nemo/071_spontaneous_smile_1.png
wei-nemo/wei-148_spontaneous_smile_2.gif,wei-nemo/mtm-148_spontaneous_smile_2.gif,wei-nemo/148_spontaneous_smile_2.png
wei-nemo/mtm-105_deliberate_smile_2.gif,wei-nemo/wei-105_deliberate_smile_2.gif,wei-nemo/105_deliberate_smile_2.png
wei-nemo/wei-174_deliberate_smile_2.gif,wei-nemo/mtm-174_deliberate_smile_2.gif,wei-nemo/174_deliberate_smile_2.png
wei-nemo/wei-174_deliberate_smile_1.gif,wei-nemo/mtm-174_deliberate_smile_1.gif,wei-nemo/174_deliberate_smile_1.png
wei-nemo/wei-445_spontaneous_smile_6.gif,wei-nemo/mtm-445_spontaneous_smile_6.gif,wei-nemo/445_spontaneous_smile_6.png
wei-nemo/wei-456_deliberate_smile_1.gif,wei-nemo/mtm-456_deliberate_smile_1.gif,wei-nemo/456_deliberate_smile_1.png
wei-nemo/wei-112_deliberate_smile_1.gif,wei-nemo/mtm-112_deliberate_smile_1.gif,wei-nemo/112_deliberate_smile_1.png
wei-nemo/wei-536_deliberate_smile_2.gif,wei-nemo/mtm-536_deliberate_smile_2.gif,wei-nemo/536_deliberate_smile_2.png
wei-nemo/wei-525_spontaneous_smile_2.gif,wei-nemo/mtm-525_spontaneous_smile_2.gif,wei-nemo/525_spontaneous_smile_2.png
wei-nemo/wei-483_deliberate_smile_2.gif,wei-nemo/mtm-483_deliberate_smile_2.gif,wei-nemo/483_deliberate_smile_2.png
wei-nemo/mtm-263_deliberate_smile_1.gif,wei-nemo/wei-263_deliberate_smile_1.gif,wei-nemo/263_deliberate_smile_1.png
wei-nemo/wei-414_spontaneous_smile_3.gif,wei-nemo/mtm-414_spontaneous_smile_3.gif,wei-nemo/414_spontaneous_smile_3.png
wei-nemo/mtm-141_spontaneous_smile_4.gif,wei-nemo/wei-141_spontaneous_smile_4.gif,wei-nemo/141_spontaneous_smile_4.png
wei-nemo/mtm-105_spontaneous_smile_2.gif,wei-nemo/wei-105_spontaneous_smile_2.gif,wei-nemo/105_spontaneous_smile_2.png
