first,second,apperance,video
x2face-nemo/mtm-162_spontaneous_smile_1.png-093_deliberate_smile_2.png.gif,x2face-nemo/x2face-162_spontaneous_smile_1.png-093_deliberate_smile_2.png.gif,x2face-nemo/app093_deliberate_smile_2.gif,x2face-nemo/video162_spontaneous_smile_1.gif
x2face-nemo/x2face-553_deliberate_smile_2.png-148_deliberate_smile_1.png.gif,x2face-nemo/mtm-553_deliberate_smile_2.png-148_deliberate_smile_1.png.gif,x2face-nemo/app148_deliberate_smile_1.gif,x2face-nemo/video553_deliberate_smile_2.gif
x2face-nemo/mtm-536_deliberate_smile_2.png-141_deliberate_smile_1.png.gif,x2face-nemo/x2face-536_deliberate_smile_2.png-141_deliberate_smile_1.png.gif,x2face-nemo/app141_deliberate_smile_1.gif,x2face-nemo/video536_deliberate_smile_2.gif
x2face-nemo/x2face-213_deliberate_smile_1.png-148_deliberate_smile_1.png.gif,x2face-nemo/mtm-213_deliberate_smile_1.png-148_deliberate_smile_1.png.gif,x2face-nemo/app148_deliberate_smile_1.gif,x2face-nemo/video213_deliberate_smile_1.gif
x2face-nemo/x2face-450_deliberate_smile_1.png-304_deliberate_smile_2.png.gif,x2face-nemo/mtm-450_deliberate_smile_1.png-304_deliberate_smile_2.png.gif,x2face-nemo/app304_deliberate_smile_2.gif,x2face-nemo/video450_deliberate_smile_1.gif
x2face-nemo/x2face-400_deliberate_smile_1.png-263_deliberate_smile_2.png.gif,x2face-nemo/mtm-400_deliberate_smile_1.png-263_deliberate_smile_2.png.gif,x2face-nemo/app263_deliberate_smile_2.gif,x2face-nemo/video400_deliberate_smile_1.gif
x2face-nemo/mtm-133_deliberate_smile_2.png-304_spontaneous_smile_2.png.gif,x2face-nemo/x2face-133_deliberate_smile_2.png-304_spontaneous_smile_2.png.gif,x2face-nemo/app304_spontaneous_smile_2.gif,x2face-nemo/video133_deliberate_smile_2.gif
x2face-nemo/mtm-450_deliberate_smile_1.png-225_spontaneous_smile_4.png.gif,x2face-nemo/x2face-450_deliberate_smile_1.png-225_spontaneous_smile_4.png.gif,x2face-nemo/app225_spontaneous_smile_4.gif,x2face-nemo/video450_deliberate_smile_1.gif
x2face-nemo/mtm-553_deliberate_smile_2.png-505_spontaneous_smile_3.png.gif,x2face-nemo/x2face-553_deliberate_smile_2.png-505_spontaneous_smile_3.png.gif,x2face-nemo/app505_spontaneous_smile_3.gif,x2face-nemo/video553_deliberate_smile_2.gif
x2face-nemo/mtm-447_spontaneous_smile_1.png-213_deliberate_smile_1.png.gif,x2face-nemo/x2face-447_spontaneous_smile_1.png-213_deliberate_smile_1.png.gif,x2face-nemo/app213_deliberate_smile_1.gif,x2face-nemo/video447_spontaneous_smile_1.gif
x2face-nemo/mtm-414_spontaneous_smile_3.png-166_spontaneous_smile_1.png.gif,x2face-nemo/x2face-414_spontaneous_smile_3.png-166_spontaneous_smile_1.png.gif,x2face-nemo/app166_spontaneous_smile_1.gif,x2face-nemo/video414_spontaneous_smile_3.gif
x2face-nemo/mtm-225_deliberate_smile_1.png-263_deliberate_smile_1.png.gif,x2face-nemo/x2face-225_deliberate_smile_1.png-263_deliberate_smile_1.png.gif,x2face-nemo/app263_deliberate_smile_1.gif,x2face-nemo/video225_deliberate_smile_1.gif
x2face-nemo/mtm-265_deliberate_smile_1.png-336_spontaneous_smile_4.png.gif,x2face-nemo/x2face-265_deliberate_smile_1.png-336_spontaneous_smile_4.png.gif,x2face-nemo/app336_spontaneous_smile_4.gif,x2face-nemo/video265_deliberate_smile_1.gif
x2face-nemo/mtm-141_deliberate_smile_1.png-225_spontaneous_smile_3.png.gif,x2face-nemo/x2face-141_deliberate_smile_1.png-225_spontaneous_smile_3.png.gif,x2face-nemo/app225_spontaneous_smile_3.gif,x2face-nemo/video141_deliberate_smile_1.gif
x2face-nemo/x2face-071_spontaneous_smile_1.png-536_spontaneous_smile_4.png.gif,x2face-nemo/mtm-071_spontaneous_smile_1.png-536_spontaneous_smile_4.png.gif,x2face-nemo/app536_spontaneous_smile_4.gif,x2face-nemo/video071_spontaneous_smile_1.gif
x2face-nemo/x2face-505_spontaneous_smile_4.png-116_deliberate_smile_2.png.gif,x2face-nemo/mtm-505_spontaneous_smile_4.png-116_deliberate_smile_2.png.gif,x2face-nemo/app116_deliberate_smile_2.gif,x2face-nemo/video505_spontaneous_smile_4.gif
x2face-nemo/mtm-112_deliberate_smile_1.png-304_spontaneous_smile_5.png.gif,x2face-nemo/x2face-112_deliberate_smile_1.png-304_spontaneous_smile_5.png.gif,x2face-nemo/app304_spontaneous_smile_5.gif,x2face-nemo/video112_deliberate_smile_1.gif
x2face-nemo/x2face-141_deliberate_smile_1.png-483_deliberate_smile_1.png.gif,x2face-nemo/mtm-141_deliberate_smile_1.png-483_deliberate_smile_1.png.gif,x2face-nemo/app483_deliberate_smile_1.gif,x2face-nemo/video141_deliberate_smile_1.gif
x2face-nemo/mtm-105_spontaneous_smile_2.png-215_deliberate_smile_1.png.gif,x2face-nemo/x2face-105_spontaneous_smile_2.png-215_deliberate_smile_1.png.gif,x2face-nemo/app215_deliberate_smile_1.gif,x2face-nemo/video105_spontaneous_smile_2.gif
x2face-nemo/x2face-510_spontaneous_smile_5.png-215_spontaneous_smile_3.png.gif,x2face-nemo/mtm-510_spontaneous_smile_5.png-215_spontaneous_smile_3.png.gif,x2face-nemo/app215_spontaneous_smile_3.gif,x2face-nemo/video510_spontaneous_smile_5.gif
x2face-nemo/x2face-304_spontaneous_smile_2.png-304_deliberate_smile_1.png.gif,x2face-nemo/mtm-304_spontaneous_smile_2.png-304_deliberate_smile_1.png.gif,x2face-nemo/app304_deliberate_smile_1.gif,x2face-nemo/video304_spontaneous_smile_2.gif
x2face-nemo/mtm-071_spontaneous_smile_1.png-166_deliberate_smile_2.png.gif,x2face-nemo/x2face-071_spontaneous_smile_1.png-166_deliberate_smile_2.png.gif,x2face-nemo/app166_deliberate_smile_2.gif,x2face-nemo/video071_spontaneous_smile_1.gif
x2face-nemo/x2face-172_spontaneous_smile_3.png-336_deliberate_smile_2.png.gif,x2face-nemo/mtm-172_spontaneous_smile_3.png-336_deliberate_smile_2.png.gif,x2face-nemo/app336_deliberate_smile_2.gif,x2face-nemo/video172_spontaneous_smile_3.gif
x2face-nemo/mtm-105_spontaneous_smile_2.png-304_deliberate_smile_1.png.gif,x2face-nemo/x2face-105_spontaneous_smile_2.png-304_deliberate_smile_1.png.gif,x2face-nemo/app304_deliberate_smile_1.gif,x2face-nemo/video105_spontaneous_smile_2.gif
x2face-nemo/x2face-445_spontaneous_smile_4.png-116_deliberate_smile_2.png.gif,x2face-nemo/mtm-445_spontaneous_smile_4.png-116_deliberate_smile_2.png.gif,x2face-nemo/app116_deliberate_smile_2.gif,x2face-nemo/video445_spontaneous_smile_4.gif
x2face-nemo/mtm-141_deliberate_smile_2.png-483_deliberate_smile_1.png.gif,x2face-nemo/x2face-141_deliberate_smile_2.png-483_deliberate_smile_1.png.gif,x2face-nemo/app483_deliberate_smile_1.gif,x2face-nemo/video141_deliberate_smile_2.gif
x2face-nemo/mtm-162_spontaneous_smile_1.png-071_spontaneous_smile_1.png.gif,x2face-nemo/x2face-162_spontaneous_smile_1.png-071_spontaneous_smile_1.png.gif,x2face-nemo/app071_spontaneous_smile_1.gif,x2face-nemo/video162_spontaneous_smile_1.gif
x2face-nemo/x2face-510_spontaneous_smile_4.png-215_spontaneous_smile_3.png.gif,x2face-nemo/mtm-510_spontaneous_smile_4.png-215_spontaneous_smile_3.png.gif,x2face-nemo/app215_spontaneous_smile_3.gif,x2face-nemo/video510_spontaneous_smile_4.gif
x2face-nemo/mtm-174_spontaneous_smile_2.png-148_deliberate_smile_2.png.gif,x2face-nemo/x2face-174_spontaneous_smile_2.png-148_deliberate_smile_2.png.gif,x2face-nemo/app148_deliberate_smile_2.gif,x2face-nemo/video174_spontaneous_smile_2.gif
x2face-nemo/x2face-414_spontaneous_smile_4.png-213_deliberate_smile_1.png.gif,x2face-nemo/mtm-414_spontaneous_smile_4.png-213_deliberate_smile_1.png.gif,x2face-nemo/app213_deliberate_smile_1.gif,x2face-nemo/video414_spontaneous_smile_4.gif
x2face-nemo/mtm-215_spontaneous_smile_1.png-483_spontaneous_smile_3.png.gif,x2face-nemo/x2face-215_spontaneous_smile_1.png-483_spontaneous_smile_3.png.gif,x2face-nemo/app483_spontaneous_smile_3.gif,x2face-nemo/video215_spontaneous_smile_1.gif
x2face-nemo/x2face-004_spontaneous_smile_2.png-155_spontaneous_smile_4.png.gif,x2face-nemo/mtm-004_spontaneous_smile_2.png-155_spontaneous_smile_4.png.gif,x2face-nemo/app155_spontaneous_smile_4.gif,x2face-nemo/video004_spontaneous_smile_2.gif
x2face-nemo/mtm-456_deliberate_smile_1.png-162_spontaneous_smile_5.png.gif,x2face-nemo/x2face-456_deliberate_smile_1.png-162_spontaneous_smile_5.png.gif,x2face-nemo/app162_spontaneous_smile_5.gif,x2face-nemo/video456_deliberate_smile_1.gif
x2face-nemo/x2face-105_spontaneous_smile_2.png-155_spontaneous_smile_4.png.gif,x2face-nemo/mtm-105_spontaneous_smile_2.png-155_spontaneous_smile_4.png.gif,x2face-nemo/app155_spontaneous_smile_4.gif,x2face-nemo/video105_spontaneous_smile_2.gif
x2face-nemo/x2face-483_deliberate_smile_1.png-213_spontaneous_smile_3.png.gif,x2face-nemo/mtm-483_deliberate_smile_1.png-213_spontaneous_smile_3.png.gif,x2face-nemo/app213_spontaneous_smile_3.gif,x2face-nemo/video483_deliberate_smile_1.gif
x2face-nemo/mtm-205_deliberate_smile_1.png-505_spontaneous_smile_3.png.gif,x2face-nemo/x2face-205_deliberate_smile_1.png-505_spontaneous_smile_3.png.gif,x2face-nemo/app505_spontaneous_smile_3.gif,x2face-nemo/video205_deliberate_smile_1.gif
x2face-nemo/x2face-162_deliberate_smile_1.png-304_deliberate_smile_2.png.gif,x2face-nemo/mtm-162_deliberate_smile_1.png-304_deliberate_smile_2.png.gif,x2face-nemo/app304_deliberate_smile_2.gif,x2face-nemo/video162_deliberate_smile_1.gif
x2face-nemo/x2face-445_spontaneous_smile_4.png-505_deliberate_smile_2.png.gif,x2face-nemo/mtm-445_spontaneous_smile_4.png-505_deliberate_smile_2.png.gif,x2face-nemo/app505_deliberate_smile_2.gif,x2face-nemo/video445_spontaneous_smile_4.gif
x2face-nemo/x2face-205_spontaneous_smile_2.png-263_deliberate_smile_2.png.gif,x2face-nemo/mtm-205_spontaneous_smile_2.png-263_deliberate_smile_2.png.gif,x2face-nemo/app263_deliberate_smile_2.gif,x2face-nemo/video205_spontaneous_smile_2.gif
x2face-nemo/mtm-343_spontaneous_smile_8.png-155_spontaneous_smile_6.png.gif,x2face-nemo/x2face-343_spontaneous_smile_8.png-155_spontaneous_smile_6.png.gif,x2face-nemo/app155_spontaneous_smile_6.gif,x2face-nemo/video343_spontaneous_smile_8.gif
x2face-nemo/x2face-445_deliberate_smile_1.png-263_deliberate_smile_1.png.gif,x2face-nemo/mtm-445_deliberate_smile_1.png-263_deliberate_smile_1.png.gif,x2face-nemo/app263_deliberate_smile_1.gif,x2face-nemo/video445_deliberate_smile_1.gif
x2face-nemo/mtm-112_deliberate_smile_1.png-148_deliberate_smile_2.png.gif,x2face-nemo/x2face-112_deliberate_smile_1.png-148_deliberate_smile_2.png.gif,x2face-nemo/app148_deliberate_smile_2.gif,x2face-nemo/video112_deliberate_smile_1.gif
x2face-nemo/x2face-162_deliberate_smile_1.png-225_deliberate_smile_1.png.gif,x2face-nemo/mtm-162_deliberate_smile_1.png-225_deliberate_smile_1.png.gif,x2face-nemo/app225_deliberate_smile_1.gif,x2face-nemo/video162_deliberate_smile_1.gif
x2face-nemo/x2face-510_deliberate_smile_1.png-553_spontaneous_smile_1.png.gif,x2face-nemo/mtm-510_deliberate_smile_1.png-553_spontaneous_smile_1.png.gif,x2face-nemo/app553_spontaneous_smile_1.gif,x2face-nemo/video510_deliberate_smile_1.gif
x2face-nemo/mtm-174_spontaneous_smile_2.png-304_spontaneous_smile_2.png.gif,x2face-nemo/x2face-174_spontaneous_smile_2.png-304_spontaneous_smile_2.png.gif,x2face-nemo/app304_spontaneous_smile_2.gif,x2face-nemo/video174_spontaneous_smile_2.gif
x2face-nemo/x2face-155_spontaneous_smile_6.png-400_spontaneous_smile_4.png.gif,x2face-nemo/mtm-155_spontaneous_smile_6.png-400_spontaneous_smile_4.png.gif,x2face-nemo/app400_spontaneous_smile_4.gif,x2face-nemo/video155_spontaneous_smile_6.gif
x2face-nemo/mtm-174_spontaneous_smile_6.png-071_deliberate_smile_1.png.gif,x2face-nemo/x2face-174_spontaneous_smile_6.png-071_deliberate_smile_1.png.gif,x2face-nemo/app071_deliberate_smile_1.gif,x2face-nemo/video174_spontaneous_smile_6.gif
x2face-nemo/x2face-093_deliberate_smile_2.png-505_deliberate_smile_1.png.gif,x2face-nemo/mtm-093_deliberate_smile_2.png-505_deliberate_smile_1.png.gif,x2face-nemo/app505_deliberate_smile_1.gif,x2face-nemo/video093_deliberate_smile_2.gif
x2face-nemo/x2face-505_spontaneous_smile_4.png-270_spontaneous_smile_1.png.gif,x2face-nemo/mtm-505_spontaneous_smile_4.png-270_spontaneous_smile_1.png.gif,x2face-nemo/app270_spontaneous_smile_1.gif,x2face-nemo/video505_spontaneous_smile_4.gif
x2face-nemo/x2face-414_spontaneous_smile_4.png-553_deliberate_smile_1.png.gif,x2face-nemo/mtm-414_spontaneous_smile_4.png-553_deliberate_smile_1.png.gif,x2face-nemo/app553_deliberate_smile_1.gif,x2face-nemo/video414_spontaneous_smile_4.gif
